Company_Name,Phone,Toll_Free_Phone,First_Name,Last_Name,Address,City,State,Zip,Email
"Benton, John B Jr",504-621-8927,504-845-1427,James,Benton,6649 N Blue Gum St,New Orleans,LA,70116,jbenton@gmail.com
"Chanay, Jeffrey A Esq",810-292-9388,810-374-9840,Josephine,Darakjy,4 B Blue Ridge Blvd,Brighton,MI,48116,josephine_darakjy@darakjy.org
"Chemel, James L Cpa",856-636-8749,856-264-4130,Art,Venere,8 W Cerritos Ave #54,Bridgeport,NJ,8014,art@venere.org
Feltz Printing Service,907-385-4412,907-921-2010,Lenna,Paprocki,639 Main St,Anchorage,AK,99501,lpaprocki@hotmail.com
Printing Dimensions,513-570-1893,513-549-4561,Donette,Foller,34 Center St,Hamilton,OH,45011,donette.foller@cox.net
"Chapman, Ross E Esq",419-503-2484,419-800-6759,Simona,Morasca,3 Mcauley Dr,Ashland,OH,44805,simona@morasca.com
Morlong Associates,773-573-6914,773-924-8565,Mitsue,Tollner,7 Eads St,Chicago,IL,60632,mitsue_tollner@yahoo.com
Commercial Press,408-752-3500,408-813-1105,Leota,Dilliard,7 W Jackson Blvd,San Jose,CA,95111,leota@hotmail.com
Truhlar And Truhlar Attys,605-414-2147,605-794-4895,Sage,Wieser,5 Boston Ave #88,Sioux Falls,SD,57105,sage_wieser@cox.net
"King, Christopher A Esq",410-655-8723,410-804-4694,Kris,Marrier,228 Runamuck Pl #2808,Baltimore,MD,21224,kris@gmail.com
"Dorl, James J Esq",215-874-1229,215-422-8694,Minna,Amigon,2371 Jerrold Ave,Kulpsville,PA,19443,minna_amigon@yahoo.com
Rangoni Of Florence,631-335-3414,631-677-3675,Abel,Maclead,37275 St  Rt 17m M,Middle Island,NY,11953,amaclead@gmail.com
Feiner Bros,310-498-5651,310-254-3084,Kiley,Caldarera,25 E 75th St #69,Los Angeles,CA,90034,kiley.caldarera@aol.com
Buckley Miller & Wright,440-780-8425,440-579-7763,Graciela,Ruta,98 Connecticut Ave Nw,Chagrin Falls,OH,44023,gruta@cox.net
"Rousseaux, Michael Esq",956-537-6195,956-841-7216,Cammy,Albares,56 E Morehead St,Laredo,TX,78045,calbares@gmail.com
Century Communications,602-277-4385,602-953-6360,Mattie,Poquette,73 State Road 434 E,Phoenix,AZ,85013,mattie@aol.com
"Bolton, Wilbur Esq",931-313-9635,931-235-7959,Meaghan,Garufi,69734 E Carrillo St,Mc Minnville,TN,37110,meaghan@hotmail.com
T M Byxbee Company Pc,414-661-9598,414-377-2880,Gladys,Rim,322 New Horizon Blvd,Milwaukee,WI,53207,gladys.rim@rim.org
Farmers Insurance Group,313-288-7937,313-341-4470,Yuki,Whobrey,1 State Route 27,Taylor,MI,48180,yuki_whobrey@aol.com
Post Box Services Plus,815-828-2147,815-426-5657,Fletcher,Flosi,394 Manchester Blvd,Rockford,IL,61109,fletcher.flosi@yahoo.com
Sport En Art,610-545-3615,610-492-4643,Bette,Nicka,6 S 33rd St,Aston,PA,19014,bette_nicka@cox.net
C 4 Network Inc,408-540-1785,408-813-4592,Veronika,Inouye,6 Greenleaf Ave,San Jose,CA,95111,vinouye@aol.com
"Ingalls, Donald R Esq",972-303-9197,972-896-4882,Willard,Kolmetz,618 W Yakima Ave,Irving,TX,75062,willard@hotmail.com
"Franklin, Peter L Esq",518-966-7987,518-448-8982,Maryann,Royster,74 S Westgate St,Albany,NY,12204,mroyster@royster.com
Wtlz Power 107 Fm,732-658-3154,732-635-3453,Alisha,Slusarski,3273 State St,Middlesex,NJ,8846,alisha@slusarski.com
"Ledecky, David Esq",715-662-6764,715-530-9863,Allene,Iturbide,1 Central Ave,Stevens Point,WI,54481,allene_iturbide@cox.net
Professional Image Inc,913-388-2079,913-899-1103,Chanel,Caudy,86 Nw 66th St #8673,Shawnee,KS,66218,chanel.caudy@caudy.org
"Sider, Donald C Esq",410-669-1642,410-235-8738,Ezekiel,Chui,2 Cedar Ave #84,Easton,MD,21601,ezekiel@chui.com
U Pull It,212-582-4976,212-934-5167,Willow,Kusko,90991 Thorburn Ave,New York,NY,10011,wkusko@yahoo.com
"Clark, Richard Cpa",936-336-3951,936-597-3614,Bernardo,Figeroa,386 9th Ave N,Conroe,TX,77301,bfigeroa@aol.com
"Moskowitz, Barry S",614-801-9788,614-648-3265,Ammie,Corrio,74874 Atlantic Ave,Columbus,OH,43215,ammie@corrio.com
Cascade Realty Advisors Inc,505-977-3911,505-335-5293,Francine,Vocelka,366 South Dr,Las Cruces,NM,88011,francine_vocelka@vocelka.com
Knwz Newsradio,201-709-6245,201-387-9093,Ernie,Stenseth,45 E Liberty St,Ridgefield Park,NJ,7660,ernie_stenseth@aol.com
"Giampetro, Anthony D",732-924-7882,732-782-6701,Albina,Glick,4 Ralph Ct,Dunellen,NJ,8812,albina@glick.com
Milford Enterprises Inc,212-860-1579,212-753-2740,Alishia,Sergi,2742 Distribution Way,New York,NY,10025,asergi@gmail.com
"Mosocco, Ronald A",504-979-9175,504-265-8174,Solange,Shinko,426 Wolf St,Metairie,LA,70002,solange@shinko.com
Tri State Refueler Co,212-675-8570,212-569-4233,Jose,Stockham,128 Bransten Rd,New York,NY,10011,jose@yahoo.com
Parkway Company,805-832-6163,805-609-1531,Rozella,Ostrosky,17 Morena Blvd,Camarillo,CA,93012,rozella.ostrosky@ostrosky.com
Fbs Business Finance,210-812-9597,210-300-6244,Valentine,Gillian,775 W 17th St,San Antonio,TX,78204,valentine_gillian@gmail.com
Eder Assocs Consltng Engrs Pc,785-463-7829,785-219-7724,Kati,Rulapaugh,6980 Dorsett Rd,Abilene,KS,67410,kati.rulapaugh@hotmail.com
Tri M Tool Inc,541-548-8197,541-993-2611,Youlanda,Schemmer,2881 Lewis Rd,Prineville,OR,97754,youlanda@aol.com
International Eyelets Inc,913-413-4604,913-645-8918,Dyan,Oldroyd,7219 Woodfield Rd,Overland Park,KS,66204,doldroyd@aol.com
Rapid Trading Intl,907-231-4722,907-335-6568,Roxane,Campain,1048 Main St,Fairbanks,AK,99708,roxane@hotmail.com
Abc Enterprises Inc,305-606-7291,305-995-2078,Lavera,Perin,678 3rd Ave,Miami,FL,33196,lperin@perin.org
Cindy Turner Associates,907-741-1044,907-227-6777,Erick,Ferencz,20 S Babcock St,Fairbanks,AK,99712,erick.ferencz@aol.com
"Stanton, James D Esq",952-768-2416,952-479-2375,Fatima,Saylors,2 Lighthouse Ave,Hopkins,MN,55343,fsaylors@saylors.org
Grace Pastries Inc,617-399-5124,617-997-5771,Jina,Briddick,38938 Park Blvd,Boston,MA,2128,jina_briddick@briddick.com
"Schroer, Gene E Esq",323-453-2780,323-315-7314,Kanisha,Waycott,5 Tomahawk Dr,Los Angeles,CA,90006,kanisha_waycott@yahoo.com
Knights Inn,608-336-7444,608-658-7940,Emerson,Bowley,762 S Main St,Madison,WI,53711,emerson.bowley@bowley.org
Bollinger Mach Shp & Shipyard,215-907-9111,215-794-4519,Blair,Malet,209 Decker Dr,Philadelphia,PA,19132,bmalet@yahoo.com
Orinda News,212-402-9216,212-617-5063,Brock,Bolognia,4486 W O St #1,New York,NY,10003,bbolognia@yahoo.com
Ballard Spahr Andrews,931-875-6644,931-303-6041,Lorrie,Nestle,39 S 7th St,Tullahoma,TN,37388,lnestle@hotmail.com
Lowy Limousine Service,803-925-5213,803-681-3678,Sabra,Uyetake,98839 Hawthorne Blvd #6101,Columbia,SC,29201,sabra@uyetake.org
Vicon Corporation,610-814-5533,610-379-7125,Marjory,Mastella,71 San Mateo Ave,Wayne,PA,19087,mmastella@mastella.com
"Rossi, Michael M",908-877-6135,908-470-4661,Karl,Klonowski,76 Brooks St #9,Flemington,NJ,8822,karl_klonowski@yahoo.com
Northwest Publishing,516-968-6051,516-333-4861,Tonette,Wenner,4545 Courthouse Rd,Westbury,NY,11590,twenner@aol.com
Branford Wire & Mfg Co,215-934-8655,215-329-6386,Amber,Monarrez,14288 Foster Ave #4121,Jenkintown,PA,19046,amber_monarrez@monarrez.org
East Coast Marketing,818-423-4007,818-749-8650,Shenika,Seewald,4 Otis St,Van Nuys,CA,91405,shenika@gmail.com
Wye Technologies Inc,401-458-2547,401-559-8961,Delmy,Ahle,65895 S 16th St,Providence,RI,2909,delmy.ahle@hotmail.com
"Healy, George W Iv",215-211-9589,215-417-9563,Deeanna,Juhas,14302 Pennsylvania Ave,Huntingdon Valley,PA,19006,deeanna_juhas@gmail.com
Alpenlite Inc,401-960-8259,401-300-8122,Blondell,Pugh,201 Hawk Ct,Providence,RI,2904,bpugh@aol.com
"Hubbard, Bruce Esq",732-234-1546,732-904-2931,Jamal,Vanausdal,53075 Sw 152nd Ter #615,Monroe Township,NJ,8831,jamal@vanausdal.org
Arthur A Oliver & Son Inc,512-486-3817,512-861-3814,Cecily,Hollack,59 N Groesbeck Hwy,Austin,TX,78731,cecily@hollack.org
George Jessop Carter Jewelers,303-724-7371,303-874-5160,Carmelina,Lindall,2664 Lewis Rd,Littleton,CO,80126,carmelina_lindall@lindall.com
"Schultz, Thomas C Md",414-748-1374,414-573-7719,Maurine,Yglesias,59 Shady Ln #53,Milwaukee,WI,53214,maurine_yglesias@yglesias.com
H H H Enterprises Inc,212-674-9610,212-462-9157,Tawna,Buvens,3305 Nabell Ave #679,New York,NY,10009,tawna@gmail.com
Hawaiian King Hotel,907-797-9628,907-873-2882,Penney,Weight,18 Fountain St,Anchorage,AK,99515,penney_weight@aol.com
Killion Industries,814-393-5571,814-420-3553,Elly,Morocco,7 W 32nd St,Erie,PA,16502,elly_morocco@gmail.com
"Robinson, William J Esq",410-914-9018,410-937-4543,Ilene,Eroman,2853 S Central Expy,Glen Burnie,MD,21061,ilene.eroman@hotmail.com
Private Properties,208-862-5339,208-737-8439,Vallie,Mondella,74 W College St,Boise,ID,83707,vmondella@mondella.com
Rowley Schlimgen Inc,415-315-2761,415-604-7609,Kallie,Blackwood,701 S Harrison Rd,San Francisco,CA,94104,kallie.blackwood@gmail.com
Forging Specialties,919-225-9345,919-715-3791,Johnetta,Abdallah,1088 Pinehurst St,Chapel Hill,NC,27514,johnetta_abdallah@aol.com
"Smits, Patricia Garity",650-528-5783,650-811-9032,Bobbye,Rhym,30 W 80th St #1995,San Carlos,CA,94070,brhym@rhym.com
H Lee Leonard Attorney At Law,925-647-3298,925-522-7798,Micaela,Rhymes,20932 Hedley St,Concord,CA,94520,micaela_rhymes@gmail.com
A K Construction Co,740-343-8575,740-526-5410,Tamar,Hoogland,2737 Pistorio Rd #9230,London,OH,43140,tamar@hotmail.com
"Ambelang, Jessica M Md",585-866-8313,585-498-4278,Moon,Parlato,74989 Brandon St,Wellsville,NY,14895,moon@yahoo.com
Q A Service,410-520-4832,410-957-6903,Laurel,Reitler,6 Kains Ave,Baltimore,MD,21215,laurel_reitler@reitler.com
Wood & Whitacre Contractors,973-354-2040,973-847-9611,Delisa,Crupi,47565 W Grand Ave,Newark,NJ,7105,delisa.crupi@crupi.com
Mark Iv Press Ltd,773-446-5569,773-352-3437,Viva,Toelkes,4284 Dorigo Ln,Chicago,IL,60647,viva.toelkes@gmail.com
Museum Of Science & Industry,973-927-3447,973-796-3667,Elza,Lipke,6794 Lake Dr E,Newark,NJ,7104,elza@yahoo.com
Garrison Ind,505-975-8559,505-950-1763,Devorah,Chickering,31 Douglas Blvd #950,Clovis,NM,88101,devorah@hotmail.com
Saronix Nymph Products,718-332-6527,718-654-7063,Timothy,Mulqueen,44 W 4th St,Staten Island,NY,10309,timothy_mulqueen@mulqueen.org
Smc Inc,904-775-4480,904-514-9918,Arlette,Honeywell,11279 Loytan St,Jacksonville,FL,32254,ahoneywell@honeywell.com
E A I Electronic Assocs Inc,510-993-3758,510-901-7640,Dominque,Dickerson,69 Marquette Ave,Hayward,CA,94545,dominque.dickerson@dickerson.org
"Conte, Christopher A Esq",216-657-7668,216-733-8494,Lettie,Isenhower,70 W Main St,Beachwood,OH,44122,lettie_isenhower@yahoo.com
Anker Law Office,817-914-7518,817-451-3518,Myra,Munns,461 Prospect Pl #316,Euless,TX,76040,mmunns@cox.net
Beutelschies & Company,310-774-7643,310-968-1219,Stephaine,Barfield,47154 Whipple Ave Nw,Gardena,CA,90247,stephaine@barfield.com
"Fligg, Kenneth I Jr",847-728-7286,847-957-4614,Lai,Gato,37 Alabama Ave,Evanston,IL,60201,lai.gato@gato.org
"Sharp, J Daniel Esq",330-537-5358,330-700-2312,Stephen,Emigh,3777 E Richmond St #900,Akron,OH,44302,stephen_emigh@hotmail.com
"Assink, Anne H Esq",215-255-1641,215-228-8264,Tyra,Shields,3 Fort Worth Ave,Philadelphia,PA,19106,tshields@gmail.com
Jewel My Shop Inc,650-803-1936,650-216-5075,Tammara,Wardrip,4800 Black Horse Pike,Burlingame,CA,94010,twardrip@cox.net
Chinese Translation Resources,626-572-1096,626-696-2777,Cory,Gibes,83649 W Belmont Ave,San Gabriel,CA,91776,cory.gibes@gmail.com
"Stevens, Charles T",254-782-8569,254-205-1422,Danica,Bruschke,840 15th Ave,Waco,TX,76708,danica_bruschke@gmail.com
"Mclaughlin, Luther W Cpa",907-870-5536,907-914-9482,Wilda,Giguere,1747 Calle Amanecer #2,Anchorage,AK,99501,wilda@cox.net
Tree Musketeers,408-703-8505,408-440-8447,Elvera,Benimadho,99385 Charity St #840,San Jose,CA,95110,elvera.benimadho@cox.net
Springfield Div Oh Edison Co,510-503-7169,510-452-4835,Carma,Vanheusen,68556 Central Hwy,San Leandro,CA,94577,carma@cox.net
Logan Memorial Hospital,317-722-5066,317-472-2412,Malinda,Hochard,55 Riverside Ave,Indianapolis,IN,46202,malinda.hochard@yahoo.com
"Kelly, Charles G Esq",307-704-8713,307-279-3793,Natalie,Fern,7140 University Ave,Rock Springs,WY,82901,natalie.fern@hotmail.com
Industrial Paper Shredders Inc,703-235-3937,703-475-7568,Lisha,Centini,64 5th Ave #1153,Mc Lean,VA,22102,lisha@centini.org
Beck Horizon Builders,504-710-5840,504-946-1807,Arlene,Klusman,3 Secor Rd,New Orleans,LA,70112,arlene_klusman@gmail.com
Porto Cayo At Hawks Cay,303-301-4946,303-521-9860,Alease,Buemi,4 Webbs Chapel Rd,Boulder,CO,80303,alease@buemi.com
Pacific Grove Museum Ntrl Hist,510-828-7047,510-472-7758,Louisa,Cronauer,524 Louisiana Ave Nw,San Leandro,CA,94577,louisa@cronauer.com
Bender & Hatley Pc,808-892-7943,808-475-2310,Angella,Cetta,185 Blackstone Bldge,Honolulu,HI,96817,angella.cetta@hotmail.com
Di Cristina J & Son,952-334-9408,952-938-9457,Cyndy,Goldammer,170 Wyoming Ave,Burnsville,MN,55337,cgoldammer@cox.net
Green Goddess,336-243-5659,336-497-4407,Rosio,Cork,4 10th St W,High Point,NC,27263,rosio.cork@gmail.com
American Arts & Graphics,516-509-2347,516-365-7266,Celeste,Korando,7 W Pinhook Rd,Lynbrook,NY,11563,ckorando@hotmail.com
Opryland Hotel,503-939-3153,503-909-7167,Twana,Felger,1 Commerce Way,Portland,OR,97224,twana.felger@felger.org
Marking Devices Pubg Co,608-976-7199,608-942-8836,Estrella,Samu,64 Lakeview Ave,Beloit,WI,53511,estrella@aol.com
W Tc Industries Inc,508-429-8576,508-843-1426,Donte,Kines,3 Aspen St,Worcester,MA,1602,dkines@hotmail.com
Whitehall Robbins Labs Divsn,305-385-9695,305-304-6573,Tiffiny,Steffensmeier,32860 Sierra Rd,Miami,FL,33133,tiffiny_steffensmeier@cox.net
Sampler,814-460-2655,814-299-2877,Edna,Miceli,555 Main St,Erie,PA,16502,emiceli@miceli.org
Juno Chefs Incorporated,972-666-3413,972-742-4000,Sue,Kownacki,2 Se 3rd Ave,Mesquite,TX,75149,sue@aol.com
"Carroccio, A Thomas Esq",931-273-8709,931-739-1551,Jesusa,Shin,2239 Shawnee Mission Pky,Tullahoma,TN,37388,jshin@shin.com
"Stanley, Richard L Esq",973-649-2922,973-284-4048,Rolland,Francescon,2726 Charcot Ave,Paterson,NJ,7501,rolland@cox.net
K Cs Cstm Mouldings Windows,305-420-8970,305-575-8481,Pamella,Schmierer,5161 Dorsett Rd,Homestead,FL,33030,pamella.schmierer@schmierer.org
Comfort Inn,410-224-9462,410-916-8015,Glory,Kulzer,55892 Jacksonville Rd,Owings Mills,MD,21117,gkulzer@kulzer.org
"Windsor, James L Esq",805-275-3566,805-638-6617,Shawna,Palaspas,5 N Cleveland Massillon Rd,Thousand Oaks,CA,91362,shawna_palaspas@palaspas.org
Jackson Shields Yeiser,808-215-6832,808-240-5168,Brandon,Callaro,7 Benton Dr,Honolulu,HI,96819,brandon_callaro@hotmail.com
"Box, J Calvin Esq",229-735-3378,229-365-9658,Scarlet,Cartan,9390 S Howell Ave,Albany,GA,31701,scarlet.cartan@yahoo.com
Custom Engineering Inc,617-418-5043,617-697-6024,Oretha,Menter,8 County Center Dr #647,Boston,MA,2210,oretha_menter@yahoo.com
Bresler Eitel Framg Gllry Ltd,201-672-1553,201-995-3149,Ty,Smith,4646 Kaahumanu St,Hackensack,NJ,7601,tsmith@aol.com
"Carol, Drake Sparks Esq",650-933-5072,650-247-2625,Xuan,Rochin,2 Monroe St,San Mateo,CA,94403,xuan@gmail.com
Biltmore Investors Bank,909-639-9887,909-589-1693,Lindsey,Dilello,52777 Leaders Heights Rd,Ontario,CA,91761,lindsey.dilello@hotmail.com
Desco Equipment Corp,510-955-3016,510-755-9274,Devora,Perez,72868 Blackington Ave,Oakland,CA,94606,devora_perez@perez.org
Merlin Electric Co,518-497-2940,518-931-7852,Herman,Demesa,9 Norristown Rd,Troy,NY,12180,hdemesa@cox.net
Bailey Cntl Co Div Babcock,570-867-7489,570-469-8401,Rory,Papasergi,83 County Road 437 #8581,Clarks Summit,PA,18411,rpapasergi@cox.net
Ford Brothers Wholesale Inc,973-245-2133,973-818-9788,Talia,Riopelle,1 N Harlem Ave #9,Orange,NJ,7050,talia_riopelle@aol.com
Cambridge Inn,908-409-2890,908-448-1209,Van,Shire,90131 J St,Pittstown,NJ,8867,van.shire@shire.com
"Matricciani, Albert J Jr",321-749-4981,321-632-4668,Lucina,Lary,8597 W National Ave,Cocoa,FL,32922,lucina_lary@cox.net
Nelson Hawaiian Ltd,718-809-3762,718-478-8568,Bok,Isaacs,6 Gilson St,Bronx,NY,10468,bok.isaacs@aol.com
Neland Travel Agency,808-315-3077,808-526-5863,Rolande,Spickerman,65 W Maple Ave,Pearl City,HI,96782,rolande.spickerman@spickerman.com
"Asendorf, J Alan Esq",303-623-4241,303-692-3118,Howard,Paulas,866 34th Ave,Denver,CO,80231,hpaulas@gmail.com
"Silberman, Arthur L Esq",973-310-1634,973-225-6259,Kimbery,Madarang,798 Lund Farm Way,Rockaway,NJ,7866,kimbery_madarang@cox.net
Honey Bee Breeding Genetics &,609-524-3586,609-234-8376,Thurman,Manno,9387 Charcot Ave,Absecon,NJ,8201,thurman.manno@yahoo.com
Wells Kravitz Schnitzer,908-877-8409,908-426-8272,Becky,Mirafuentes,30553 Washington Rd,Plainfield,NJ,7062,becky.mirafuentes@mirafuentes.com
Prohab Rehabilitation Servs,508-584-4279,508-315-3867,Beatriz,Corrington,481 W Lemon St,Middleboro,MA,2346,beatriz@yahoo.com
"Eldridge, Kristin K Esq",773-775-4522,773-539-1058,Marti,Maybury,4 Warehouse Point Rd #7,Chicago,IL,60638,marti.maybury@yahoo.com
"Vlahos, John J Esq",503-527-5274,503-455-3094,Nieves,Gotter,4940 Pulaski Park Dr,Portland,OR,97202,nieves_gotter@gmail.com
Ninas Indian Grs & Videos,214-339-1809,214-225-5850,Leatha,Hagele,627 Walford Ave,Dallas,TX,75227,lhagele@cox.net
"Schmid, Gayanne K Esq",312-303-5453,312-512-2338,Valentin,Klimek,137 Pioneer Way,Chicago,IL,60604,vklimek@klimek.org
Moapa Valley Federal Credit Un,419-939-3613,419-254-4591,Melissa,Wiklund,61 13 Stoneridge #835,Findlay,OH,45840,melissa@cox.net
Kentucky Tennessee Clay Co,951-645-3605,951-248-6822,Sheridan,Zane,2409 Alabama Rd,Riverside,CA,92501,sheridan.zane@zane.com
Admiral Party Rentals & Sales,254-463-4368,254-816-8417,Bulah,Padilla,8927 Vandever Ave,Waco,TX,76707,bulah_padilla@hotmail.com
"Nelson, Karolyn King Esq",615-406-7854,615-448-9249,Audra,Kohnert,134 Lewis Rd,Nashville,TN,37211,audra@kohnert.com
Panasystems,414-959-2540,414-838-3151,Daren,Weirather,9 N College Ave #3,Milwaukee,WI,53216,dweirather@aol.com
"Shank, Edward L Esq",410-387-5260,410-724-6472,Fernanda,Jillson,60480 Old Us Highway 51,Preston,MD,21655,fjillson@aol.com
Megibow & Edwards,972-934-6914,972-821-7118,Gearldine,Gellinger,4 Bloomfield Ave,Irving,TX,75061,gearldine_gellinger@gellinger.com
"Benoff, Edward Esq",310-560-8022,310-969-7230,Chau,Kitzman,429 Tiger Ln,Beverly Hills,CA,90212,chau@gmail.com
Woodbridge Free Public Library,516-948-5768,516-357-3362,Theola,Frey,54169 N Main St,Massapequa,NY,11758,theola_frey@frey.com
New York Life John Thune,609-518-7697,609-263-9243,Cheryl,Haroldson,92 Main St,Atlantic City,NJ,8401,cheryl@haroldson.org
Alinabal Inc,513-508-7371,513-418-1566,Laticia,Merced,72 Mannix Dr,Cincinnati,OH,45203,lmerced@gmail.com
"Poletto, Kim David Esq",541-326-4074,541-801-5717,Carissa,Batman,12270 Caton Center Dr,Eugene,OR,97401,carissa.batman@yahoo.com
"Chang, Carolyn Esq",919-533-3762,919-885-2453,Lezlie,Craghead,749 W 18th St #45,Smithfield,NC,27577,lezlie.craghead@craghead.org
Silver Bros Inc,212-332-8435,212-880-8865,Ozell,Shealy,8 Industry Ln,New York,NY,10002,oshealy@hotmail.com
Newtec Inc,602-906-9419,602-277-3025,Arminda,Parvis,1 Huntwood Ave,Phoenix,AZ,85017,arminda@parvis.com
Creative Business Systems,317-234-1135,317-787-5514,Reita,Leto,55262 N French Rd,Indianapolis,IN,46240,reita.leto@gmail.com
Dal Tile Corporation,315-304-4759,315-640-6357,Yolando,Luczki,422 E 21st St,Syracuse,NY,13214,yolando@cox.net
Edward S Katz,856-487-5412,856-702-3676,Lizette,Stem,501 N 19th Ave,Cherry Hill,NJ,8002,lizette.stem@aol.com
Oh My Goodknits Inc,516-212-1915,516-376-4230,Gregoria,Pawlowicz,455 N Main Ave,Garden City,NY,11530,gpawlowicz@yahoo.com
"Redeker, Debbie",501-308-1040,501-409-6072,Carin,Deleo,1844 Southern Blvd,Little Rock,AR,72202,cdeleo@deleo.com
Desert Sands Motel,651-591-2583,651-776-9688,Chantell,Maynerich,2023 Greg St,Saint Paul,MN,55101,chantell@yahoo.com
Cummins Southern Plains Inc,215-325-3042,215-346-4666,Dierdre,Yum,63381 Jenks Ave,Philadelphia,PA,19134,dyum@yahoo.com
Lehigh Furn Divsn Lehigh,985-890-7262,985-261-5783,Larae,Gudroe,6651 Municipal Rd,Houma,LA,70360,larae_gudroe@gmail.com
United Van Lines Agent,631-957-7624,631-998-2102,Latrice,Tolfree,81 Norris Ave #525,Ronkonkoma,NY,11779,latrice.tolfree@hotmail.com
Capitol Reporters,916-591-3277,916-770-7448,Kerry,Theodorov,6916 W Main St,Sacramento,CA,95827,kerry.theodorov@gmail.com
Kwik Kopy Printing,208-649-2373,208-690-3315,Dorthy,Hidvegi,9635 S Main St,Boise,ID,83704,dhidvegi@yahoo.com
Centro Inc,512-587-5746,512-528-9933,Fannie,Lungren,17 Us Highway 111,Round Rock,TX,78664,fannie.lungren@yahoo.com
"Campbell, Jan Esq",215-964-3284,215-417-5612,Evangelina,Radde,992 Civic Center Dr,Philadelphia,PA,19123,evangelina@aol.com
"Evans, C Kelly Esq",808-477-4775,808-746-1865,Novella,Degroot,303 N Radcliffe St,Hilo,HI,96720,novella_degroot@degroot.org
Scat Enterprises,775-501-8109,775-848-9135,Clay,Hoa,73 Saint Ann St #86,Reno,NV,89502,choa@hoa.org
"Nagle, Daniel J Esq",847-979-9545,847-800-3054,Jennifer,Fallick,44 58th St,Wheeling,IL,60090,jfallick@yahoo.com
Serendiquity Bed & Breakfast,973-545-7355,973-868-8660,Irma,Wolfgramm,9745 W Main St,Randolph,NJ,7869,irma.wolfgramm@hotmail.com
Ray Carolyne Realty,864-256-3620,864-594-4578,Eun,Coody,84 Bloomfield Ave,Spartanburg,SC,29301,eun@yahoo.com
"Berg, Charles E",410-209-9545,410-863-8263,Sylvia,Cousey,287 Youngstown Warren Rd,Hampstead,MD,21074,sylvia_cousey@cousey.org
"Ray, Milbern D",914-855-2115,914-796-3775,Nana,Wrinkles,6 Van Buren St,Mount Vernon,NY,10553,nana@aol.com
Chadds Ford Winery,212-260-3151,212-253-7448,Layla,Springe,229 N Forty Driv,New York,NY,10011,layla.springe@cox.net
A R Packaging,510-677-9785,510-942-5916,Joesph,Degonia,2887 Knowlton St #5435,Berkeley,CA,94710,joesph_degonia@degonia.org
Corn Popper,978-697-6263,978-289-7717,Annabelle,Boord,523 Marquette Ave,Concord,MA,1742,annabelle.boord@cox.net
Birite Foodservice Distr,415-767-6596,415-712-9530,Stephaine,Vinning,3717 Hamann Industrial Pky,San Francisco,CA,94104,stephaine@cox.net
Anchorage Museum Of Hist & Art,201-971-1638,201-247-8925,Nelida,Sawchuk,3 State Route 35 S,Paramus,NJ,7652,nelida@gmail.com
"Haber, George D Md",925-634-7158,925-541-8521,Marguerita,Hiatt,82 N Highway 67,Oakley,CA,94561,marguerita.hiatt@gmail.com
Royal Pontiac Olds Inc,773-494-4195,773-297-9391,Carmela,Cookey,9 Murfreesboro Rd,Chicago,IL,60623,ccookey@cookey.org
Leonards Antiques Inc,973-943-3423,973-582-5469,Junita,Brideau,6 S Broadway St,Cedar Grove,NJ,7009,jbrideau@aol.com
Meca,419-544-4900,419-573-2033,Claribel,Varriano,6 Harry L Dr #6327,Perrysburg,OH,43551,claribel_varriano@cox.net
Nercon Engineering & Mfg Inc,310-579-2907,310-694-8466,Benton,Skursky,47939 Porter Ave,Gardena,CA,90248,benton.skursky@aol.com
Replica I,352-242-2570,352-990-5946,Hillary,Skulski,9 Wales Rd Ne #914,Homosassa,FL,34448,hillary.skulski@aol.com
20 20 Printing Inc,408-758-5015,408-346-2180,Merilyn,Bayless,195 13n N,Santa Clara,CA,95054,merilyn_bayless@cox.net
Publishers Group West,570-889-5187,570-355-1665,Teri,Ennaco,99 Tank Farm Rd,Hazleton,PA,18201,tennaco@gmail.com
"Nischwitz, Jeffrey L Esq",201-588-7810,201-858-9960,Merlyn,Lawler,4671 Alemany Blvd,Jersey City,NJ,7304,merlyn_lawler@hotmail.com
Payne Blades & Wellborn Pa,925-615-5185,925-943-3449,Georgene,Montezuma,98 University Dr,San Ramon,CA,94583,gmontezuma@cox.net
Coldwell Bnkr Wright Real Est,908-802-3564,908-602-5258,Jettie,Mconnell,50 E Wacker Dr,Bridgewater,NJ,8807,jmconnell@hotmail.com
Computer Repair Service,631-748-6479,631-291-4976,Lemuel,Latzke,70 Euclid Ave #722,Bohemia,NY,11716,lemuel.latzke@gmail.com
Fleetwood Building Block Inc,805-690-1682,805-810-8964,Melodie,Knipp,326 E Main St #6496,Thousand Oaks,CA,91362,mknipp@gmail.com
Colts Neck Medical Assocs Inc,908-275-8357,908-943-6103,Candida,Corbley,406 Main St,Somerville,NJ,8876,candida_corbley@hotmail.com
New England Taxidermy,503-940-8327,503-707-5812,Karan,Karpin,3 Elmwood Dr,Beaverton,OR,97005,karan_karpin@gmail.com
"Ludcke, George O Esq",503-516-2189,503-950-3068,Andra,Scheyer,9 Church St,Salem,OR,97302,andra@gmail.com
"Mccorkle, Tom S Esq",856-305-9731,856-828-6021,Felicidad,Poullion,9939 N 14th St,Riverton,NJ,8077,fpoullion@poullion.com
Eagle Software Inc,770-507-8791,770-802-4003,Belen,Strassner,5384 Southwyck Blvd,Douglasville,GA,30135,belen_strassner@aol.com
Juvenile & Adult Super,904-235-3633,904-627-4341,Gracia,Melnyk,97 Airport Loop Dr,Jacksonville,FL,32216,gracia@melnyk.com
"Perez, Joseph J Esq",207-458-9196,207-233-6185,Jolanda,Hanafan,37855 Nolan Rd,Bangor,ME,4401,jhanafan@gmail.com
Case Foundation Co,817-765-5781,817-577-6151,Barrett,Toyama,4252 N Washington Ave #9,Kennedale,TX,76060,barrett.toyama@toyama.org
Eis Environmental Engrs Inc,716-752-4114,716-854-9845,Helga,Fredicks,42754 S Ash Ave,Buffalo,NY,14228,helga_fredicks@yahoo.com
Art Crafters,305-670-9628,305-857-5489,Ashlyn,Pinilla,703 Beville Rd,Opa Locka,FL,33054,apinilla@cox.net
Marriott Hotels Resorts Suites,212-313-1783,212-778-3063,Fausto,Agramonte,5 Harrison Rd,New York,NY,10038,fausto_agramonte@yahoo.com
Remaco Inc,215-605-7570,215-511-3531,Ronny,Caiafa,73 Southern Blvd,Philadelphia,PA,19103,ronny.caiafa@caiafa.org
"Bjork, Robert D Jr",850-430-1663,850-330-8079,Marge,Limmel,189 Village Park Rd,Crestview,FL,32536,marge@gmail.com
"Carmichael, Jeffery L Esq",415-306-7897,415-874-2984,Norah,Waymire,6 Middlegate Rd #106,San Francisco,CA,94107,norah.waymire@gmail.com
"Andrews, J Robert Esq",408-504-3552,408-425-1994,Aliza,Baltimore,1128 Delaware St,San Jose,CA,95132,aliza@aol.com
Winship & Byrne,650-947-1215,650-960-1069,Mozell,Pelkowski,577 Parade St,South San Francisco,CA,94080,mpelkowski@pelkowski.org
Burton & Davis,818-864-4875,818-481-5787,Viola,Bitsuie,70 Mechanic St,Northridge,CA,91325,viola@gmail.com
Olympic Graphic Arts,215-558-8189,215-483-3003,Franklyn,Emard,4379 Highway 116,Philadelphia,PA,19103,femard@emard.com
Magnuson,337-253-8384,337-774-7564,Willodean,Konopacki,55 Hawthorne Blvd,Lafayette,LA,70506,willodean_konopacki@konopacki.org
A All American Travel Inc,313-533-4884,313-390-7855,Beckie,Silvestrini,7116 Western Ave,Dearborn,MI,48126,beckie.silvestrini@silvestrini.com
Polykote Inc,512-213-8574,512-693-8345,Rebecka,Gesick,2026 N Plankinton Ave #3,Austin,TX,78754,rgesick@gesick.org
Jets Cybernetics,214-428-2285,214-529-1949,Frederica,Blunk,99586 Main St,Dallas,TX,75207,frederica_blunk@gmail.com
Metlab Testing Services,206-697-5796,206-389-1482,Glen,Bartolet,8739 Hudson St,Vashon,WA,98070,glen_bartolet@hotmail.com
"Kellermann, William T Esq",610-476-3501,610-752-2683,Freeman,Gochal,383 Gunderman Rd #197,Coatesville,PA,19320,freeman_gochal@aol.com
"Arturi, Peter D Esq",215-372-1718,215-829-4221,Vincent,Meinerding,4441 Point Term Mkt,Philadelphia,PA,19143,vincent.meinerding@hotmail.com
Mcauley Mfg Co,310-858-5079,310-499-4200,Rima,Bevelacqua,2972 Lafayette Ave,Gardena,CA,90248,rima@cox.net
Defur Voran Hanley Radcliff,707-653-8214,707-881-3154,Glendora,Sarbacher,2140 Diamond Blvd,Rohnert Park,CA,94928,gsarbacher@gmail.com
Dill Dill Carr & Stonbraker Pc,407-808-9439,407-945-8566,Avery,Steier,93 Redmond Rd #492,Orlando,FL,32803,avery@cox.net
Kleensteel,760-971-4322,760-465-4762,Cristy,Lother,3989 Portage Tr,Escondido,CA,92025,cristy@lother.com
Goulds Pumps Inc Slurry Pump,508-837-9230,508-504-6388,Nicolette,Brossart,1 Midway Rd,Westborough,MA,1581,nicolette_brossart@brossart.com
Kansas City Insurance Report,936-264-9294,936-988-8171,Tracey,Modzelewski,77132 Coon Rapids Blvd Nw,Conroe,TX,77301,tracey@hotmail.com
Berhanu International Foods,414-214-8697,414-411-5744,Virgina,Tegarden,755 Harbor Way,Milwaukee,WI,53226,virgina_tegarden@tegarden.com
Roland Ashcroft,626-636-4117,626-638-4241,Tiera,Frankel,87 Sierra Rd,El Monte,CA,91731,tfrankel@aol.com
Hispanic Magazine,914-300-9193,914-654-1426,Alaine,Bergesen,7667 S Hulen St #42,Yonkers,NY,10701,alaine_bergesen@cox.net
Little Sheet Metal Co,214-289-1973,214-785-6750,Earleen,Mai,75684 S Withlapopka Dr #32,Dallas,TX,75227,earleen_mai@cox.net
"Holmes, Armstead J Esq",228-235-5615,228-432-4635,Leonida,Gobern,5 Elmwood Park Blvd,Biloxi,MS,39530,leonida@gobern.org
"Faw, James C Cpa",305-604-8981,305-287-4743,Ressie,Auffrey,23 Palo Alto Sq,Miami,FL,33134,ressie.auffrey@yahoo.com
Evans Rule Company,212-304-9225,212-311-6377,Justine,Mugnolo,38062 E Main St,New York,NY,10048,jmugnolo@yahoo.com
Tyee Productions Inc,201-474-4924,201-365-8698,Eladia,Saulter,3958 S Dupont Hwy #7,Ramsey,NJ,7446,eladia@saulter.com
Dunnells & Duvall,734-928-5182,734-408-8174,Chaya,Malvin,560 Civic Center Dr,Ann Arbor,MI,48103,chaya@malvin.com
Deltam Systems Inc,631-258-6558,631-295-9879,Gwenn,Suffield,3270 Dequindre Rd,Deer Park,NY,11729,gwenn_suffield@suffield.org
Hammill Mfg Co,330-791-8557,330-618-2579,Salena,Karpel,1 Garfield Ave #7,Canton,OH,44707,skarpel@cox.net
Sams Corner Store,203-506-4706,203-840-8634,Yoko,Fishburne,9122 Carpenter Ave,New Haven,CT,6511,yoko@fishburne.com
"Siskin, Mark J Esq",703-322-4041,703-938-7939,Taryn,Moyd,48 Lenox St,Fairfax,VA,22030,taryn.moyd@hotmail.com
Cape & Associates Real Estate,978-626-2978,978-679-7429,Katina,Polidori,5 Little River Tpke,Wilmington,MA,1887,katina_polidori@aol.com
Merrill Lynch,419-693-1334,419-313-5571,Rickie,Plumer,3 N Groesbeck Hwy,Toledo,OH,43613,rickie.plumer@aol.com
"Sublett, Scott Esq",253-660-7821,253-875-9222,Alex,Loader,37 N Elm St #916,Tacoma,WA,98409,alex@loader.com
Sentry Signs,916-741-7884,916-289-4526,Lashon,Vizarro,433 Westminster Blvd #590,Roseville,CA,95661,lashon@aol.com
Professionals Unlimited,307-342-7795,307-453-7589,Lauran,Burnard,66697 Park Pl #3224,Riverton,WY,82501,lburnard@burnard.com
Southern Steel Shelving Co,207-627-7565,207-297-5029,Ceola,Setter,96263 Greenwood Pl,Warren,ME,4864,ceola.setter@setter.org
"Bosco, Paul J",215-491-5633,215-647-2158,My,Rantanen,8 Mcarthur Ln,Richboro,PA,18954,my@hotmail.com
"Longo, Nicholas J Esq",813-769-2939,813-863-6467,Lorrine,Worlds,8 Fair Lawn Ave,Tampa,FL,33614,lorrine.worlds@worlds.com
Henry County Middle School,619-608-1763,619-695-8086,Peggie,Sturiale,9 N 14th St,El Cajon,CA,92020,peggie@cox.net
Edison Supply & Equipment Co,979-718-8968,979-809-5770,Marvel,Raymo,9 Vanowen St,College Station,TX,77840,mraymo@yahoo.com
"Wolf, Warren R Esq",847-233-3075,847-265-6609,Daron,Dinos,18 Waterloo Geneva Rd,Highland Park,IL,60035,daron_dinos@cox.net
Linguistic Systems Inc,609-228-5265,609-854-7156,An,Fritz,506 S Hacienda Dr,Atlantic City,NJ,8401,an_fritz@hotmail.com
Peace Christian Center,908-722-7128,908-670-4712,Portia,Stimmel,3732 Sherman Ave,Bridgewater,NJ,8807,portia.stimmel@aol.com
Double B Foods Inc,718-560-9537,718-280-4183,Rhea,Aredondo,25657 Live Oak St,Brooklyn,NY,11226,rhea_aredondo@cox.net
Alexander & Alexander Inc,314-787-1588,314-858-4832,Benedict,Sama,4923 Carey Ave,Saint Louis,MO,63104,bsama@cox.net
Fairbanks Scales,209-317-1801,209-242-7022,Alyce,Arias,3196 S Rider Trl,Stockton,CA,95207,alyce@arias.org
Cali Sportswear Cutting Dept,973-936-5095,973-822-8827,Heike,Berganza,3 Railway Ave #75,Little Falls,NJ,7424,heike@gmail.com
"Garofani, John Esq",317-578-2453,317-441-5848,Carey,Dopico,87393 E Highland Rd,Indianapolis,IN,46220,carey_dopico@dopico.org
Thompson Fabricating Co,206-540-6076,206-295-5631,Dottie,Hellickson,67 E Chestnut Hill Rd,Seattle,WA,98133,dottie@hellickson.org
Century 21 Krall Real Estate,336-822-7652,336-467-3095,Deandrea,Hughey,33 Lewis Rd #46,Burlington,NC,27215,deandrea@yahoo.com
Mid Contntl Rlty & Prop Mgmt,785-629-8542,785-616-1685,Kimberlie,Duenas,8100 Jacksonville Rd #7,Hays,KS,67601,kimberlie_duenas@yahoo.com
Ace Signs Inc,407-471-6908,407-429-2145,Martina,Staback,7 W Wabansia Ave #227,Orlando,FL,32822,martina_staback@staback.com
Rodeway Inn,612-508-2655,612-664-6304,Skye,Fillingim,25 Minters Chapel Rd #9,Minneapolis,MN,55401,skye_fillingim@yahoo.com
Bonnet & Daughter,803-352-5387,803-975-3405,Jade,Farrar,6882 Torresdale Ave,Columbia,SC,29201,jade.farrar@yahoo.com
Oshins & Gibbons,707-300-1771,707-821-8037,Charlene,Hamilton,985 E 6th Ave,Santa Rosa,CA,95407,charlene.hamilton@hotmail.com
Price Business Services,847-222-1734,847-556-2909,Geoffrey,Acey,7 West Ave #1,Palatine,IL,60067,geoffrey@gmail.com
"Wise, Dennis W Md",949-867-4077,949-903-3898,Stevie,Westerbeck,26659 N 13th St,Costa Mesa,CA,92626,stevie.westerbeck@yahoo.com
Super 8 Motel,303-404-2210,303-794-1341,Pamella,Fortino,669 Packerland Dr #1438,Denver,CO,80212,pamella@fortino.com
John Wagner Associates,203-801-6193,203-801-8497,Harrison,Haufler,759 Eldora St,New Haven,CT,6515,hhaufler@hotmail.com
Thrifty Oil Co,425-986-7573,425-700-3751,Johnna,Engelberg,5 S Colorado Blvd #449,Bothell,WA,98021,jengelberg@engelberg.org
Larkfield Photo,440-989-5826,440-327-2093,Buddy,Cloney,944 Gaither Dr,Strongsville,OH,44136,buddy.cloney@yahoo.com
Silverman Planetarium,603-315-6839,603-745-7497,Dalene,Riden,66552 Malone Rd,Plaistow,NH,3865,dalene.riden@aol.com
J & F Lumber,321-518-5938,321-597-2159,Jerry,Zurcher,77 Massillon Rd #822,Satellite Beach,FL,32937,jzurcher@zurcher.org
Cleaning Station Inc,212-792-8658,212-782-3493,Haydee,Denooyer,25346 New Rd,New York,NY,10016,hdenooyer@denooyer.org
Ames Stationers,714-584-2237,714-698-2170,Joseph,Cryer,60 Fillmore Ave,Huntington Beach,CA,92647,joseph_cryer@cox.net
Midas Muffler Shops,248-913-4677,248-793-4966,Deonna,Kippley,57 Haven Ave #90,Southfield,MI,48075,deonna_kippley@hotmail.com
Seaboard Securities Inc,317-825-4724,317-342-1532,Raymon,Calvaresi,6538 E Pomona St #60,Indianapolis,IN,46222,raymon.calvaresi@gmail.com
"Petersen, James E Esq",940-276-7922,940-302-3036,Alecia,Bubash,6535 Joyce St,Wichita Falls,TX,76301,alecia@aol.com
Development Authority,203-721-3388,203-564-1543,Ma,Layous,78112 Morris Ave,North Haven,CT,6473,mlayous@hotmail.com
Schott Fiber Optics Inc,410-739-9277,410-259-2118,Detra,Coyier,96950 Hidden Ln,Aberdeen,MD,21001,detra@aol.com
Stuart J Agins,504-463-4384,504-635-8518,Terrilyn,Rodeigues,3718 S Main St,New Orleans,LA,70130,terrilyn.rodeigues@cox.net
Mitsumi Electronics Corp,804-550-5097,804-858-1011,Salome,Lacovara,9677 Commerce Dr,Richmond,VA,23219,slacovara@gmail.com
Italian Express Franchise Corp,215-979-8776,215-846-9046,Garry,Keetch,5 Green Pond Rd #4,Southampton,PA,18966,garry_keetch@hotmail.com
American Council On Sci & Hlth,952-651-7597,952-906-4597,Matthew,Neither,636 Commerce Dr #42,Shakopee,MN,55379,mneither@yahoo.com
"Kleri, Patricia S Esq",305-936-8226,305-573-1085,Theodora,Restrepo,42744 Hamann Industrial Pky #82,Miami,FL,33136,theodora.restrepo@restrepo.com
Twiggs Abrams Blanchard,414-263-5287,414-660-9766,Noah,Kalafatis,1950 5th Ave,Milwaukee,WI,53209,noah.kalafatis@aol.com
Maui Research & Technology Pk,732-941-2621,732-445-6940,Carmen,Sweigard,61304 N French Rd,Somerset,NJ,8873,csweigard@sweigard.com
Bradley Nameplate Corp,701-898-2154,701-421-7080,Lavonda,Hengel,87 Imperial Ct #79,Fargo,ND,58102,lavonda@cox.net
Geonex Martel Inc,775-638-9963,775-578-1214,Junita,Stoltzman,94 W Dodge Rd,Carson City,NV,89701,junita@aol.com
Sea Island Div Of Fstr Ind Inc,602-954-5141,602-304-6433,Herminia,Nicolozakes,4 58th St #3519,Scottsdale,AZ,85254,herminia@nicolozakes.org
"Papay, Debbie J Esq",615-390-2251,615-825-4297,Casie,Good,5221 Bear Valley Rd,Nashville,TN,37211,casie.good@aol.com
Lane Promotions,410-351-1863,410-951-2667,Reena,Maisto,9648 S Main,Salisbury,MD,21801,reena@hotmail.com
Stephen Kennerly Archts Inc Pc,212-870-1286,212-745-6948,Mirta,Mallett,7 S San Marcos Rd,New York,NY,10004,mirta_mallett@gmail.com
Business Systems Of Wis Inc,806-703-1435,806-558-5848,Cathrine,Pontoriero,812 S Haven St,Amarillo,TX,79109,cathrine.pontoriero@pontoriero.com
"Flash, Elena Salerno Esq",323-765-2528,323-842-8226,Filiberto,Tawil,3882 W Congress St #799,Los Angeles,CA,90016,ftawil@hotmail.com
"Neeley, Gregory W Esq",619-509-5282,619-666-4765,Raul,Upthegrove,4 E Colonial Dr,La Mesa,CA,91942,rupthegrove@yahoo.com
Alabama Educational Tv Comm,770-732-1194,770-531-2842,Sarah,Candlish,45 2nd Ave #9759,Atlanta,GA,30328,sarah.candlish@gmail.com
Franz Inc,508-769-5250,508-502-5634,Lucy,Treston,57254 Brickell Ave #372,Worcester,MA,1602,lucy@cox.net
Plantation Restaurant,269-756-7222,269-431-9464,Judy,Aquas,8977 Connecticut Ave Nw #3,Niles,MI,49120,jaquas@aquas.com
Radio Communications Co,973-714-1721,973-976-8627,Yvonne,Tjepkema,9 Waydell St,Fairfield,NJ,7004,yvonne.tjepkema@hotmail.com
Dentalaw Divsn Hlth Care,337-740-9323,337-751-2326,Kayleigh,Lace,43 Huey P Long Ave,Lafayette,LA,70508,kayleigh.lace@yahoo.com
American Speedy Printing Ctrs,717-491-5643,717-583-1497,Felix,Hirpara,7563 Cornwall Rd #4462,Denver,PA,17517,felix_hirpara@cox.net
"Grayson, Grant S Esq",314-359-9566,314-231-3514,Tresa,Sweely,22 Bridle Ln,Valley Park,MO,63088,tresa_sweely@hotmail.com
Jeanerette Middle School,817-213-8851,817-947-9480,Kristeen,Turinetti,70099 E North Ave,Arlington,TX,76013,kristeen@gmail.com
"Haavisto, Brian F Esq",813-932-8715,813-357-7296,Jenelle,Regusters,3211 E Northeast Loop,Tampa,FL,33619,jregusters@regusters.com
Wmmt Radio Station,770-679-4752,770-930-9967,Renea,Monterrubio,26 Montgomery St,Atlanta,GA,30328,renea@hotmail.com
Colony Paints Sales Ofc & Plnt,760-938-6069,760-745-2649,Olive,Matuszak,13252 Lighthouse Ave,Cathedral City,CA,92234,olive@aol.com
Floral Expressions,517-906-1108,517-747-7664,Ligia,Reiber,206 Main St #2804,Lansing,MI,48933,lreiber@cox.net
Casco Services Inc,602-390-4944,602-330-6894,Christiane,Eschberger,96541 W Central Blvd,Phoenix,AZ,85034,christiane.eschberger@yahoo.com
"Reuter, Arthur C Jr",207-295-7569,207-748-3722,Goldie,Schirpke,34 Saint George Ave #2,Bangor,ME,4401,goldie.schirpke@yahoo.com
"Kaminski, Katherine Andritsaki",301-696-6420,301-392-6698,Loreta,Timenez,47857 Coney Island Ave,Clinton,MD,20735,loreta.timenez@hotmail.com
Sidewinder Products Corp,717-809-3119,717-344-2804,Fabiola,Hauenstein,8573 Lincoln Blvd,York,PA,17404,fabiola.hauenstein@hauenstein.org
General Foam Corporation,972-419-7946,972-898-1033,Amie,Perigo,596 Santa Maria Ave #7913,Mesquite,TX,75150,amie.perigo@yahoo.com
Ikg Borden Divsn Harsco Corp,406-318-1515,406-374-7752,Raina,Brachle,3829 Ventura Blvd,Butte,MT,59701,raina.brachle@brachle.org
Anchor Computer Inc,973-767-3008,973-563-9502,Erinn,Canlas,13 S Hacienda Dr,Livingston,NJ,7039,erinn.canlas@canlas.com
Sebring & Co,248-980-6904,248-697-7722,Cherry,Lietz,40 9th Ave Sw #91,Waterford,MI,48329,cherry@lietz.com
H A C Farm Lines Co Optv Assoc,216-923-3715,216-270-9653,Kattie,Vonasek,2845 Boulder Crescent St,Cleveland,OH,44103,kattie@vonasek.org
"Hunter, John J Esq",325-631-1560,325-667-7868,Lilli,Scriven,33 State St,Abilene,TX,79601,lilli@aol.com
Freehold Fence Co,817-526-4408,817-819-7799,Whitley,Tomasulo,2 S 15th St,Fort Worth,TX,76107,whitley.tomasulo@aol.com
Binswanger,718-201-3751,718-732-9475,Barbra,Adkin,4 Kohler Memorial Dr,Brooklyn,NY,11230,badkin@hotmail.com
Chilton Malting Co,401-893-4882,401-885-7681,Hermila,Thyberg,1 Rancho Del Mar Shopping C,Providence,RI,2903,hermila_thyberg@hotmail.com
"Schoen, Edward J Jr",717-885-9118,717-686-7564,Jesusita,Flister,3943 N Highland Ave,Lancaster,PA,17601,jesusita.flister@hotmail.com
"Helderman, Seymour Cpa",401-948-4982,401-552-9059,Caitlin,Julia,5 Williams St,Johnston,RI,2919,caitlin.julia@julia.org
"Denbrook, Myron",305-622-4739,305-302-1135,Roosevelt,Hoffis,60 Old Dover Rd,Hialeah,FL,33014,roosevelt.hoffis@aol.com
"Lippitt, Mike",201-832-4168,201-412-3040,Helaine,Halter,8 Sheridan Rd,Jersey City,NJ,7304,hhalter@yahoo.com
"Hiram, Hogg P Esq",210-856-4979,210-634-2447,Lorean,Martabano,85092 Southern Blvd,San Antonio,TX,78204,lorean.martabano@hotmail.com
In Travel Agency,718-478-8504,718-853-3740,France,Buzick,64 Newman Springs Rd E,Brooklyn,NY,11219,france.buzick@yahoo.com
Newhart Foods Inc,909-993-3242,909-631-5703,Justine,Ferrario,48 Stratford Ave,Pomona,CA,91768,jferrario@hotmail.com
Courtyard By Marriott,216-230-4892,216-937-5320,Adelina,Nabours,80 Pittsford Victor Rd #9,Cleveland,OH,44103,adelina_nabours@gmail.com
"Studer, Eugene A Esq",212-304-4515,212-225-9676,Derick,Dhamer,87163 N Main Ave,New York,NY,10013,ddhamer@cox.net
Seashore Supply Co Waretown,804-762-9576,804-808-9574,Jerry,Dallen,393 Lafayette Ave,Richmond,VA,23219,jerry.dallen@yahoo.com
Mayar Silk Inc,706-221-4243,706-616-5131,Leota,Ragel,99 5th Ave #33,Trion,GA,30753,leota.ragel@gmail.com
National Medical Excess Corp,337-515-1438,337-991-8070,Jutta,Amyot,49 N Mays St,Broussard,LA,70518,jamyot@hotmail.com
Stero Company,973-544-2677,973-986-4456,Aja,Gehrett,993 Washington Ave,Nutley,NJ,7110,aja_gehrett@hotmail.com
"Hasting, H Duane Esq",607-407-3716,607-350-7690,Kirk,Herritt,88 15th Ave Ne,Vestal,NY,13850,kirk.herritt@aol.com
Insty Prints,973-412-2995,973-355-2120,Leonora,Mauson,3381 E 40th Ave,Passaic,NJ,7055,leonora@yahoo.com
Glenridge Manor Mobile Home Pk,208-252-4552,208-793-4108,Winfred,Brucato,201 Ridgewood Rd,Moscow,ID,83843,winfred_brucato@hotmail.com
Circuit Solution Inc,415-411-1775,415-284-2730,Tarra,Nachor,39 Moccasin Dr,San Francisco,CA,94104,tarra.nachor@cox.net
Local Office,508-942-4186,508-618-7826,Corinne,Loder,4 Carroll St,North Attleboro,MA,2760,corinne@loder.org
Lee Kilkelly Paulson & Kabaker,248-357-8718,248-811-5696,Dulce,Labreche,9581 E Arapahoe Rd,Rochester,MI,48307,dulce_labreche@yahoo.com
"Davis, Maxon R Esq",920-353-6377,920-355-1610,Kate,Keneipp,33 N Michigan Ave,Green Bay,WI,54301,kate_keneipp@yahoo.com
"Garrison, Paul E Esq",410-665-4903,410-773-3862,Kaitlyn,Ogg,2 S Biscayne Blvd,Baltimore,MD,21230,kaitlyn.ogg@gmail.com
Black History Resource Center,719-669-1664,719-547-9543,Sherita,Saras,8 Us Highway 22,Colorado Springs,CO,80937,sherita.saras@cox.net
"Rodriguez, J Christopher Esq",419-588-8719,419-399-1744,Lashawnda,Stuer,7422 Martin Ave #8,Toledo,OH,43607,lstuer@cox.net
Grant Family Health Center,301-998-9644,301-257-4883,Ernest,Syrop,94 Chase Rd,Hyattsville,MD,20785,ernest@cox.net
Goeman Wood Products Inc,508-855-9887,508-897-7916,Nobuko,Halsey,8139 I Hwy 10 #92,New Bedford,MA,2745,nobuko.halsey@yahoo.com
"Linhares, Kenneth A Esq",703-483-1970,703-892-2914,Lavonna,Wolny,5 Cabot Rd,Mc Lean,VA,22102,lavonna.wolny@hotmail.com
Earnhardt Printing,410-678-2473,410-912-6032,Lashaunda,Lizama,3387 Ryan Dr,Hanover,MD,21076,llizama@cox.net
H P G Industrys Inc,512-223-4791,512-742-1149,Mariann,Bilden,3125 Packer Ave #9851,Austin,TX,78753,mariann.bilden@aol.com
Bailey Transportation Prod Inc,623-461-8551,623-426-4907,Helene,Rodenberger,347 Chestnut St,Peoria,AZ,85381,helene@aol.com
Mcglynn Bliss Pc,419-571-5920,419-488-6648,Roselle,Estell,8116 Mount Vernon Ave,Bucyrus,OH,44820,roselle.estell@hotmail.com
Mutual Fish Co,206-311-4137,206-923-6042,Samira,Heintzman,8772 Old County Rd #5410,Kent,WA,98032,sheintzman@hotmail.com
"Yeates, Arthur L Aia",513-617-2362,513-747-9603,Margart,Meisel,868 State St #38,Cincinnati,OH,45251,margart_meisel@yahoo.com
"Logan, Ronald J Esq",812-368-1511,812-442-8544,Kristofer,Bennick,772 W River Dr,Bloomington,IN,47404,kristofer.bennick@yahoo.com
Advantage Martgage Company,847-353-2156,847-613-5866,Weldon,Acuff,73 W Barstow Ave,Arlington Heights,IL,60004,wacuff@gmail.com
Germer And Gertz Llp,718-232-2337,718-394-4974,Shalon,Shadrick,61047 Mayfield Ave,Brooklyn,NY,11223,shalon@cox.net
Spence Law Offices,407-446-4358,407-808-3254,Denise,Patak,2139 Santa Rosa Ave,Orlando,FL,32801,denise@patak.org
John Ortiz Nts Therapy Center,310-820-2117,310-652-2379,Louvenia,Beech,598 43rd St,Beverly Hills,CA,90210,louvenia.beech@beech.com
Mike Uchrin Htg & Air Cond Inc,813-797-4816,813-744-7100,Audry,Yaw,70295 Pioneer Ct,Brandon,FL,33511,audry.yaw@yaw.org
"Mccoy, Joy Reynolds Esq",915-452-1290,915-300-6100,Kristel,Ehmann,92899 Kalakaua Ave,El Paso,TX,79925,kristel.ehmann@aol.com
Kbor 1600 Am,619-603-5125,619-935-6661,Vincenza,Zepp,395 S 6th St #2,El Cajon,CA,92020,vzepp@gmail.com
Quality Inn Northwest,301-841-5012,301-591-3034,Elouise,Gwalthney,9506 Edgemore Ave,Bladensburg,MD,20710,egwalthney@yahoo.com
Wallace Church Assoc Inc,714-523-6653,714-663-9740,Venita,Maillard,72119 S Walker Ave #63,Anaheim,CA,92801,venita_maillard@gmail.com
Can Tron,314-732-9131,314-697-3652,Kasandra,Semidey,369 Latham St #500,Saint Louis,MO,63102,kasandra_semidey@semidey.com
Ravaal Enterprises Inc,512-233-1831,512-942-3411,Xochitl,Discipio,3158 Runamuck Pl,Round Rock,TX,78664,xdiscipio@gmail.com
Thompson Steel Company Inc,336-670-2640,336-364-6037,Maile,Linahan,9 Plainsboro Rd #598,Greensboro,NC,27409,mlinahan@yahoo.com
"Anderson, Mark A Esq",631-443-4710,631-288-2866,Krissy,Rauser,8728 S Broad St,Coram,NY,11727,krauser@cox.net
Womack & Galich,201-825-2514,201-749-8866,Pete,Dubaldi,2215 Prosperity Dr,Lyndhurst,NJ,7071,pdubaldi@hotmail.com
Valerie & Company,901-412-4381,901-573-9024,Linn,Paa,1 S Pine St,Memphis,TN,38112,linn_paa@paa.com
Gehring Pumps Inc,404-505-4445,404-607-8435,Paris,Wide,187 Market St,Atlanta,GA,30342,paris@hotmail.com
"Haehnel, Craig W Esq",650-473-1262,650-749-9879,Wynell,Dorshorst,94290 S Buchanan St,Pacifica,CA,94044,wynell_dorshorst@dorshorst.org
Spoor Behrins Campbell & Young,952-702-7993,952-314-5871,Quentin,Birkner,7061 N 2nd St,Burnsville,MN,55337,qbirkner@aol.com
Ken Jeter Store Equipment Inc,480-726-1280,480-205-5121,Regenia,Kannady,10759 Main St,Scottsdale,AZ,85260,regenia.kannady@cox.net
"Potter, Brenda J Cpa",718-976-8610,718-613-9994,Sheron,Louissant,97 E 3rd St #9,Long Island City,NY,11101,sheron@aol.com
Baird Kurtz & Dobson,770-844-3447,770-584-4119,Izetta,Funnell,82 Winsor St #54,Atlanta,GA,30340,izetta.funnell@hotmail.com
"Minor, Cynthia A Esq",507-210-3510,507-590-5237,Rodolfo,Butzen,41 Steel Ct,Northfield,MN,55057,rodolfo@hotmail.com
"Solove, Robert A Esq",203-461-1949,203-938-2557,Zona,Colla,49440 Dearborn St,Norwalk,CT,6854,zona@hotmail.com
Mark Ii Imports Inc,260-273-3725,260-382-4869,Serina,Zagen,7 S Beverly Dr,Fort Wayne,IN,46802,szagen@aol.com
White Sign Div Ctrl Equip Co,601-927-8287,601-249-4511,Paz,Sahagun,919 Wall Blvd,Meridian,MS,39307,paz_sahagun@cox.net
M & M Store Fixtures Co Inc,586-970-7380,586-247-1614,Markus,Lukasik,89 20th St E #779,Sterling Heights,MI,48310,markus@yahoo.com
Judah Caster & Wheel Co,719-853-3600,719-223-2074,Jaclyn,Bachman,721 Interstate 45 S,Colorado Springs,CO,80919,jaclyn@aol.com
Galaxy International Inc,212-745-8484,212-422-5427,Cyril,Daufeldt,3 Lawton St,New York,NY,10013,cyril_daufeldt@daufeldt.com
Sigma Corp Of America,510-686-3407,510-441-4055,Gayla,Schnitzler,38 Pleasant Hill Rd,Hayward,CA,94545,gschnitzler@gmail.com
"Soward, Anne Esq",773-704-9903,773-359-6109,Erick,Nievas,45 E Acacia Ct,Chicago,IL,60624,erick_nievas@aol.com
"Osborne, Michelle M Esq",570-218-4831,570-868-8688,Jennie,Drymon,63728 Poway Rd #1,Scranton,PA,18509,jennie@cox.net
Students In Free Entrprs Natl,530-986-9272,530-399-3254,Mitsue,Scipione,77 222 Dr,Oroville,CA,95965,mscipione@scipione.com
"Johnson, Robert M Esq",845-823-8877,845-694-7919,Ciara,Ventura,53 W Carey St,Port Jervis,NY,12771,cventura@yahoo.com
Del Charro Apartments,216-600-6111,216-871-6876,Galen,Cantres,617 Nw 36th Ave,Brook Park,OH,44142,galen@yahoo.com
Legal Search Inc,973-852-2736,973-473-5108,Truman,Feichtner,539 Coldwater Canyon Ave,Bloomfield,NJ,7003,tfeichtner@yahoo.com
Service Supply Co Inc,907-435-9166,907-770-3542,Gail,Kitty,735 Crawford Dr,Anchorage,AK,99501,gail@kitty.com
"Sameshima, Douglas J Esq",215-268-1275,215-380-8820,Dalene,Schoeneck,910 Rahway Ave,Philadelphia,PA,19102,dalene@schoeneck.org
"Thompson, John Randolph Jr",513-977-7043,513-863-9471,Gertude,Witten,7 Tarrytown Rd,Cincinnati,OH,45217,gertude.witten@gmail.com
E T Balancing Co Inc,310-699-1222,310-955-5788,Lizbeth,Kohl,35433 Blake St #588,Gardena,CA,90248,lizbeth@yahoo.com
"Griswold, John E Esq",515-370-7348,515-372-1738,Glenn,Berray,29 Cherry St #7073,Des Moines,IA,50315,gberray@gmail.com
Acqua Group,610-809-1818,610-378-7332,Lashandra,Klang,810 N La Brea Ave,King of Prussia,PA,19406,lashandra@yahoo.com
"Brooks, Morris J Jr",919-623-2524,919-254-5987,Lenna,Newville,987 Main St,Raleigh,NC,27601,lnewville@newville.com
Printing Images Corp,509-695-5199,509-595-6485,Laurel,Pagliuca,36 Enterprise St Se,Richland,WA,99352,laurel@yahoo.com
Roberts Supply Co Inc,914-868-5965,914-883-3061,Mireya,Frerking,8429 Miller Rd,Pelham,NY,10803,mireya.frerking@hotmail.com
Vico Products Mfg Co,410-757-1035,410-234-2267,Annelle,Tagala,5 W 7th St,Parkville,MD,21234,annelle@yahoo.com
J M Custom Design Millwork,516-847-4418,516-732-6649,Dean,Ketelsen,2 Flynn Rd,Hicksville,NY,11801,dean_ketelsen@gmail.com
Farrell & Johnson Office Equip,508-456-4907,508-658-7802,Levi,Munis,2094 Ne 36th Ave,Worcester,MA,1603,levi.munis@gmail.com
Millers Market & Deli,918-644-9555,918-565-1706,Sylvie,Ryser,649 Tulane Ave,Tulsa,OK,74105,sylvie@aol.com
Holiday Inn Naperville,231-467-9978,231-265-6940,Sharee,Maile,2094 Montour Blvd,Muskegon,MI,49442,sharee_maile@aol.com
"Burrows, Jon H Esq",337-566-6001,337-255-3427,Cordelia,Storment,393 Hammond Dr,Lafayette,LA,70506,cordelia_storment@aol.com
Dock Seal Specialty,419-975-3182,419-417-4674,Mollie,Mcdoniel,8590 Lake Lizzie Dr,Bowling Green,OH,43402,mollie_mcdoniel@yahoo.com
Five Star Limousines Of Tx Inc,619-461-9984,619-727-3892,Brett,Mccullan,87895 Concord Rd,La Mesa,CA,91942,brett.mccullan@mccullan.com
"Barkan, Neal J Esq",203-892-3863,203-918-3939,Teddy,Pedrozo,46314 Route 130,Bridgeport,CT,6610,teddy_pedrozo@aol.com
"Campbell, Robert A",201-920-9002,201-969-7063,Tasia,Andreason,4 Cowesett Ave,Kearny,NJ,7032,tasia_andreason@yahoo.com
"Dee, Deanna",330-903-1345,330-566-8898,Hubert,Walthall,95 Main Ave #2,Barberton,OH,44203,hubert@walthall.org
"Young, Timothy L Esq",201-238-5688,201-772-4377,Arthur,Farrow,28 S 7th St #2824,Englewood,NJ,7631,arthur.farrow@yahoo.com
"Wells, D Fred Esq",616-737-3085,616-568-4113,Vilma,Berlanga,79 S Howell Ave,Grand Rapids,MI,49546,vberlanga@berlanga.com
"Gray, Francine H Esq",601-567-5386,601-637-5479,Billye,Miro,36 Lancaster Dr Se,Pearl,MS,39208,billye_miro@cox.net
Toledo Iv Care,901-640-9178,901-869-4314,Glenna,Slayton,2759 Livingston Ave,Memphis,TN,38118,glenna_slayton@cox.net
Cangro Transmission Co,303-402-1940,303-997-7760,Mitzie,Hudnall,17 Jersey Ave,Englewood,CO,80110,mitzie_hudnall@yahoo.com
Sat Poly Inc,901-901-4726,901-739-5892,Bernardine,Rodefer,2 W Grand Ave,Memphis,TN,38112,bernardine_rodefer@yahoo.com
Midwest Contracting & Mfg Inc,626-866-2339,626-293-7678,Staci,Schmaltz,18 Coronado Ave #563,Pasadena,CA,91106,staci_schmaltz@aol.com
Print Doctor,773-225-9985,773-857-2231,Nichelle,Meteer,72 Beechwood Ter,Chicago,IL,60657,nichelle_meteer@meteer.com
Nordic Group Inc,718-228-5894,718-728-5051,Janine,Rhoden,92 Broadway,Astoria,NY,11103,jrhoden@yahoo.com
Jackson Millwork Co,509-755-5393,509-847-3352,Ettie,Hoopengardner,39 Franklin Ave,Richland,WA,99352,ettie.hoopengardner@hotmail.com
Harris Corporation,410-890-7866,410-429-4888,Eden,Jayson,4 Iwaena St,Baltimore,MD,21202,eden_jayson@yahoo.com
United Cerebral Palsy Of Ne Pa,973-860-8610,973-605-6492,Lynelle,Auber,32820 Corkwood Rd,Newark,NJ,7104,lynelle_auber@gmail.com
One Day Surgery Center Inc,562-579-6900,562-719-7922,Merissa,Tomblin,34 Raritan Center Pky,Bellflower,CA,90706,merissa.tomblin@gmail.com
Calaveras Prospect,732-628-9909,732-617-5310,Golda,Kaniecki,6201 S Nevada Ave,Toms River,NJ,8755,golda_kaniecki@yahoo.com
"Terk, Robert E Esq",973-210-3994,973-491-8723,Catarina,Gleich,78 Maryland Dr #146,Denville,NJ,7834,catarina_gleich@hotmail.com
"Cullen, Terrence P Esq",303-776-7548,303-845-5408,Virgie,Kiel,76598 Rd  I 95 #1,Denver,CO,80216,vkiel@hotmail.com
Central Die Casting Mfg Co Inc,757-682-7116,757-940-1741,Jolene,Ostolaza,1610 14th St Nw,Newport News,VA,23608,jolene@yahoo.com
Centerline Engineering,602-919-4211,602-442-3092,Keneth,Borgman,86350 Roszel Rd,Phoenix,AZ,85012,keneth@yahoo.com
Targan & Kievit Pa,305-968-9487,305-978-2069,Rikki,Nayar,1644 Clove Rd,Miami,FL,33155,rikki@nayar.com
Riley Riper Hollin & Colagreco,602-896-2993,602-575-3457,Elke,Sengbusch,9 W Central Ave,Phoenix,AZ,85013,elke_sengbusch@yahoo.com
"Kaplan, Joel S Esq",386-526-7800,386-599-7296,Hoa,Sarao,27846 Lafayette Ave,Oak Hill,FL,32759,hoa@sarao.org
Water Office,415-331-9634,415-419-1597,Trinidad,Mcrae,10276 Brooks St,San Francisco,CA,94105,trinidad_mcrae@yahoo.com
"Westbrooks, Nelson E Jr",858-793-9684,858-228-5683,Mari,Lueckenbach,1 Century Park E,San Diego,CA,92110,mari_lueckenbach@yahoo.com
Armon Communications,201-991-8369,201-772-7699,Selma,Husser,9 State Highway 57 #22,Jersey City,NJ,7306,selma.husser@cox.net
Jacobs & Gerber Inc,909-430-7765,909-665-3223,Antione,Onofrio,4 S Washington Ave,San Bernardino,CA,92410,aonofrio@onofrio.com
Forest Fire Laboratory,617-365-2134,617-544-2541,Luisa,Jurney,25 Se 176th Pl,Cambridge,MA,2138,ljurney@hotmail.com
"Haughey, Charles Jr",760-291-5497,760-261-4786,Clorinda,Heimann,105 Richmond Valley Rd,Escondido,CA,92025,clorinda.heimann@hotmail.com
Wheaton Plastic Products,310-510-9713,310-936-2258,Dick,Wenzinger,22 Spruce St #595,Gardena,CA,90248,dick@yahoo.com
Reese Plastics,717-528-8996,717-632-5831,Ahmed,Angalich,2 W Beverly Blvd,Harrisburg,PA,17110,ahmed.angalich@angalich.com
Nazette Marner Good Wendt,480-293-2882,480-866-6544,Iluminada,Ohms,72 Southern Blvd,Mesa,AZ,85204,iluminada.ohms@yahoo.com
Levinson Axelrod Wheaton,561-470-4574,561-951-9734,Joanna,Leinenbach,1 Washington St,Lake Worth,FL,33461,joanna_leinenbach@hotmail.com
"Egnor, W Dan Esq",615-246-1824,615-726-4537,Caprice,Suell,90177 N 55th Ave,Nashville,TN,37211,caprice@aol.com
Portland Central Thriftlodge,859-717-7638,859-308-4286,Stephane,Myricks,9 Tower Ave,Burlington,KY,41005,stephane_myricks@cox.net
Ulbrich Trucking,734-561-6170,734-851-8571,Quentin,Swayze,278 Bayview Ave,Milan,MI,48160,quentin_swayze@yahoo.com
Tipiak Inc,936-751-7961,936-937-2334,Annmarie,Castros,80312 W 32nd St,Conroe,TX,77301,annmarie_castros@gmail.com
Saint George Well Drilling,973-482-2430,973-644-2974,Shonda,Greenbush,82 Us Highway 46,Clifton,NJ,7011,shonda_greenbush@cox.net
"Hawkes, Douglas D",201-693-3967,201-856-2720,Cecil,Lapage,4 Stovall St #72,Union City,NJ,7087,clapage@lapage.com
Accurel Systems Intrntl Corp,305-988-4162,305-306-7834,Jeanice,Claucherty,19 Amboy Ave,Miami,FL,33142,jeanice.claucherty@yahoo.com
Santa Cruz Community Internet,931-553-9774,931-486-6946,Josphine,Villanueva,63 Smith Ln #8343,Moss,TN,38575,josphine_villanueva@villanueva.com
Gersh & Danielson,714-771-3880,714-531-1391,Daniel,Perruzza,11360 S Halsted St,Santa Ana,CA,92705,dperruzza@perruzza.com
"Cobb, James O Esq",847-633-3216,847-755-9041,Cassi,Wildfong,26849 Jefferson Hwy,Rolling Meadows,IL,60008,cassi.wildfong@aol.com
Wheatley Trucking Company,215-888-3304,215-351-8523,Britt,Galam,2500 Pringle Rd Se #508,Hatfield,PA,19440,britt@galam.org
Systems Graph Inc Ab Dick Dlr,973-654-1561,973-662-8988,Adell,Lipkin,65 Mountain View Dr,Whippany,NJ,7981,adell.lipkin@lipkin.com
John Hancock Mutl Life Ins Co,814-865-8113,814-481-1700,Jacqueline,Rowling,1 N San Saba,Erie,PA,16501,jacqueline.rowling@yahoo.com
History Division Of State,801-293-9853,801-892-8781,Lonny,Weglarz,51120 State Route 18,Salt Lake City,UT,84115,lonny_weglarz@gmail.com
"Dimmock, Thomas J Esq",910-922-3672,910-200-7912,Lonna,Diestel,1482 College Ave,Fayetteville,NC,28301,lonna_diestel@gmail.com
Intermed Inc,213-975-8026,213-696-8004,Cristal,Samara,4119 Metropolitan Dr,Los Angeles,CA,90021,cristal@cox.net
Bank Of New York,517-499-2322,517-867-8077,Kenneth,Grenet,2167 Sierra Rd,East Lansing,MI,48823,kenneth.grenet@grenet.org
Sportmaster Intrnatl,315-818-2638,315-474-5570,Elli,Mclaird,6 Sunrise Ave,Utica,NY,13501,emclaird@mclaird.com
W W John Holden Inc,574-656-2800,574-405-1983,Alline,Jeanty,55713 Lake City Hwy,South Bend,IN,46601,ajeanty@gmail.com
Maccani & Delp,407-312-1691,407-472-1332,Sharika,Eanes,75698 N Fiesta Blvd,Orlando,FL,32806,sharika.eanes@aol.com
Amazonia Film Project,973-751-9003,973-903-4175,Nu,Mcnease,88 Sw 28th Ter,Harrison,NJ,7029,nu@gmail.com
Water & Sewer Department,609-200-8577,609-398-2805,Daniela,Comnick,7 Flowers Rd #403,Trenton,NJ,8611,dcomnick@cox.net
Switchcraft Inc,608-382-4541,608-302-3387,Cecilia,Colaizzo,4 Nw 12th St #3849,Madison,WI,53717,cecilia_colaizzo@colaizzo.com
C W D C Metal Fabricators,914-861-9748,914-396-2615,Leslie,Threets,2 A Kelley Dr,Katonah,NY,10536,leslie@cox.net
"Shimotani, Grace T",336-370-5333,336-564-1492,Nan,Koppinger,88827 Frankford Ave,Greensboro,NC,27401,nan@koppinger.com
"Lisatoni, Jean Esq",410-473-1708,410-522-7621,Izetta,Dewar,2 W Scyene Rd #3,Baltimore,MD,21217,idewar@dewar.com
Ceramic Tile Sales Inc,732-730-2692,732-705-6719,Tegan,Arceo,62260 Park Stre,Monroe Township,NJ,8831,tegan.arceo@arceo.org
Maiden Craft Inc,830-258-2769,830-919-5991,Ruthann,Keener,3424 29th St Se,Kerrville,TX,78028,ruthann@hotmail.com
Carriage House Cllsn Rpr Inc,847-519-5906,847-740-5304,Joni,Breland,35 E Main St #43,Elk Grove Village,IL,60007,joni_breland@cox.net
Video Workshop,732-605-4781,732-724-7251,Vi,Rentfro,7163 W Clark Rd,Freehold,NJ,7728,vrentfro@cox.net
Fresno Tile Center Inc,402-896-5943,402-707-1602,Colette,Kardas,21575 S Apple Creek Rd,Omaha,NE,68124,colette.kardas@yahoo.com
Versatile Sash & Woodwork,703-221-5602,703-874-4248,Malcolm,Tromblay,747 Leonis Blvd,Annandale,VA,22003,malcolm_tromblay@cox.net
Warner Electric Brk & Cltch Co,972-558-1665,972-961-4968,Ryan,Harnos,13 Gunnison St,Plano,TX,75075,ryan@cox.net
New York Public Library,212-510-4633,212-428-9538,Jess,Chaffins,18 3rd Ave,New York,NY,10016,jess.chaffins@chaffins.org
"Mccaleb, John A Esq",516-816-1541,516-749-3188,Sharen,Bourbon,62 W Austin St,Syosset,NY,11791,sbourbon@yahoo.com
United Oil Co Inc,352-598-8301,352-947-6152,Nickolas,Juvera,177 S Rider Trl #52,Crystal River,FL,34429,nickolas_juvera@cox.net
Irving Foot Center,317-542-6023,317-887-8486,Gary,Nunlee,2 W Mount Royal Ave,Fortville,IN,46040,gary_nunlee@nunlee.org
Acme Supply Co,816-557-9673,816-329-5565,Diane,Devreese,1953 Telegraph Rd,Saint Joseph,MO,64504,diane@cox.net
"Mcrae, James L",601-234-9632,601-973-5754,Roslyn,Chavous,63517 Dupont St,Jackson,MS,39211,roslyn.chavous@chavous.org
Mcgraths Seafood,325-869-2649,325-740-3778,Glory,Schieler,5 E Truman Rd,Abilene,TX,79602,glory@yahoo.com
"Kummerer, J Michael Esq",408-805-4309,408-997-7490,Rasheeda,Sayaphon,251 Park Ave #979,Saratoga,CA,95070,rasheeda@aol.com
"Stoffer, James M Jr",856-312-2629,856-513-7024,Alpha,Palaia,43496 Commercial Dr #29,Cherry Hill,NJ,8003,alpha@yahoo.com
North Central Fl Sfty Cncl,510-974-8671,510-509-3496,Refugia,Jacobos,2184 Worth St,Hayward,CA,94545,refugia.jacobos@jacobos.com
Fiorucci Foods Usa Inc,407-538-5106,407-564-8113,Shawnda,Yori,50126 N Plankinton Ave,Longwood,FL,32750,shawnda.yori@yahoo.com
Sign All,307-403-1488,307-816-7115,Mona,Delasancha,38773 Gravois Ave,Cheyenne,WY,82001,mdelasancha@hotmail.com
Sammys Steak Den,516-393-9967,516-407-9573,Gilma,Liukko,16452 Greenwich St,Garden City,NY,11530,gilma_liukko@gmail.com
"Dobscha, Stephen F Esq",608-967-7194,608-586-6912,Janey,Gabisi,40 Cambridge Ave,Madison,WI,53715,jgabisi@hotmail.com
Morgan Custom Homes,201-431-2989,201-478-8540,Lili,Paskin,20113 4th Ave E,Kearny,NJ,7032,lili.paskin@cox.net
Olsen Payne & Company,570-648-3035,570-569-2356,Loren,Asar,6 Ridgewood Center Dr,Old Forge,PA,18518,loren.asar@aol.com
Cowan & Kelly,858-617-7834,858-732-1884,Dorothy,Chesterfield,469 Outwater Ln,San Diego,CA,92126,dorothy@cox.net
"Johnson, Wes Esq",760-616-5388,760-493-9208,Gail,Similton,62 Monroe St,Thousand Palms,CA,92276,gail_similton@similton.com
Icn Pharmaceuticals Inc,609-373-3332,609-826-4990,Catalina,Tillotson,3338 A Lockport Pl #6,Margate City,NJ,8402,catalina@hotmail.com
New England Sec Equip Co Inc,401-465-6432,401-893-1820,Lawrence,Lorens,9 Hwy,Providence,RI,2906,lawrence.lorens@hotmail.com
"Tippett, Troy M Ii",785-347-1805,785-253-7049,Carlee,Boulter,8284 Hart St,Abilene,KS,67410,carlee.boulter@hotmail.com
Atc Contracting,916-920-3571,916-459-2433,Thaddeus,Ankeny,5 Washington St #1,Roseville,CA,95678,tankeny@ankeny.org
"Pagano, Philip G Esq",386-248-4118,386-208-6976,Jovita,Oles,8 S Haven St,Daytona Beach,FL,32114,joles@gmail.com
Kwikprint,202-646-7516,202-276-6826,Alesia,Hixenbaugh,9 Front St,Washington,DC,20001,alesia_hixenbaugh@hixenbaugh.org
Buergi & Madden Scale,415-423-3294,415-926-6089,Lai,Harabedian,1933 Packer Ave #2,Novato,CA,94945,lai@gmail.com
Inner Label,208-709-1235,208-206-9848,Brittni,Gillaspie,67 Rv Cent,Boise,ID,83709,bgillaspie@gillaspie.com
Hermar Inc,574-499-1454,574-330-1884,Raylene,Kampa,2 Sw Nyberg Rd,Elkhart,IN,46514,rkampa@kampa.org
Simonton Howe & Schneider Pc,308-726-2182,308-250-6987,Flo,Bookamer,89992 E 15th St,Alliance,NE,69301,flo.bookamer@cox.net
Warehouse Office & Paper Prod,206-711-6498,206-395-6284,Jani,Biddy,61556 W 20th Ave,Seattle,WA,98104,jbiddy@yahoo.com
Affiliated With Travelodge,407-413-4842,407-557-8857,Chauncey,Motley,63 E Aurora Dr,Orlando,FL,32804,chauncey_motley@aol.com
